[{"fields": {"reset_code": null, "lname": "Stark", "school": "chs", "email": "mattstark75@gmail.com", "fname": "Matt", "pwd": "pbkdf2_sha256$12000$THoEJbAF2k7R$jmd5vZp8sLLuoDv2KKLJ5eccaCA9dLxVvf1SGKAExZk="}, "pk": 1, "model": "auth.user"}, {"fields": {"reset_code": null, "lname": "S", "school": "chs", "email": "student@gmail.com", "fname": "Student", "pwd": "pbkdf2_sha256$12000$QsTtgBrdJ9Nm$XSLjnewCqn75BUokVgxRhW3jgrt7C3/ptTs6idhZgzE="}, "pk": 2, "model": "auth.user"}, {"fields": {"reset_code": null, "lname": "T", "school": "chs", "email": "teacher@gmail.com", "fname": "Teacher", "pwd": "pbkdf2_sha256$12000$TvaOpojuOema$IpHJjTeQWvfzJCf4Lkc1QCnQpxRo2qmm5KGn0XrNU9Q="}, "pk": 3, "model": "auth.user"}, {"fields": {"teacher": 1, "code": null, "name": "Programming", "year": 7, "subject": 0, "students": [2]}, "pk": 1, "model": "courses.course"}, {"fields": {"teacher": 3, "code": null, "name": "public course", "year": 8, "subject": 0, "students": [2]}, "pk": 2, "model": "courses.course"}, {"fields": {"teacher": 3, "code": "5f5865fc7b72f6df", "name": "private course", "year": 8, "subject": 0, "students": [2]}, "pk": 3, "model": "courses.course"}, {"fields": {"teacher": 1, "code": null, "name": "my public course", "year": 7, "subject": 0, "students": []}, "pk": 4, "model": "courses.course"}, {"fields": {"teacher": 1, "code": "3504253c73b24909", "name": "my private course", "year": 7, "subject": 0, "students": []}, "pk": 5, "model": "courses.course"}, {"fields": {"name": "Reading Task 1", "desc": "- first item in unordered list\n- second item\n\n- new unordered list\nThis html should be escaped <i>this shouldn't be in italic</i>\n\nSample io session\n```io\nEnter a number: <<<4\n4 + 1 = 5\n```\n\nSample io session\n```io\nEnter a number: <<<4\n4 + 1 = 5\n```\nHere is some python code\n```python\nfrom math import sqrt\n# this is a comment\nprint(\"Hello World\")\ndef func(blah):\n    \"\"\"docstring\"\"\"\n    '''single quoted docstring'''\n    var1 = \"string\\n\\\\\"\n    var2 = sqrt(1)\n    var3 = True\n    var4 = 5 // 2\n    return list(None)\nfunc(False)\n```\nhere is an \\(a < b\\) inline math block.\nHere is a block \\[a < b\\] math block. \nHere is another block $$a < b$$ math block.\n\n~~Strikethrough text.~~ normal ~~other strikethrough text~~\n\n_italic italic_underscored i i_ normal _more_italic_text_with_underscores_\n\n*bold text* normal *bold*\n\n- another unordered list\n- blah", "course": 1, "kind": "read"}, "pk": 1, "model": "tasks.task"},  {"fields": {"name": "my public course task 1", "desc": "This description is empty. You might want to add something to it...", "course": 4, "kind": "read"}, "pk": 7, "model": "tasks.task"}, {"fields": {"name": "Programming Task 1", "desc": "This description is empty. You might want to add something to it...", "course": 1, "kind": "code"}, "pk": 2, "model": "tasks.task"}, {"fields": {"name": "Programming Task 2", "desc": "This description is empty. You might want to add something to it...", "course": 1, "kind": "code"}, "pk": 3, "model": "tasks.task"}, {"fields": {"name": "Programming Task 3", "desc": "This description is empty. You might want to add something to it...", "course": 1, "kind": "code"}, "pk": 4, "model": "tasks.task"}, {"fields": {"name": "Reading Task 2", "desc": "This description is empty. You might want to add something to it...", "course": 1, "kind": "read"}, "pk": 5, "model": "tasks.task"}, {"fields": {"name": "Reading Task 3", "desc": "This description is empty. You might want to add something to it...", "course": 1, "kind": "read"}, "pk": 6, "model": "tasks.task"}, {"fields": {}, "pk": 2, "model": "tasks.codetask"}, {"fields": {}, "pk": 3, "model": "tasks.codetask"}, {"fields": {}, "pk": 4, "model": "tasks.codetask"}, {"fields": {"word": "matt", "weight": 400, "table": 0, "table_id": 1}, "pk": 1, "model": "misc.search"}, {"fields": {"word": "stark", "weight": 500, "table": 0, "table_id": 1}, "pk": 2, "model": "misc.search"}, {"fields": {"word": "programming", "weight": 1000, "table": 1, "table_id": 1}, "pk": 3, "model": "misc.search"}, {"fields": {"word": "reading", "weight": 500, "table": 2, "table_id": 1}, "pk": 4, "model": "misc.search"}, {"fields": {"word": "task", "weight": 285, "table": 2, "table_id": 1}, "pk": 5, "model": "misc.search"}, {"fields": {"word": "1", "weight": 71, "table": 2, "table_id": 1}, "pk": 6, "model": "misc.search"}, {"fields": {"word": "programming", "weight": 611, "table": 2, "table_id": 2}, "pk": 7, "model": "misc.search"}, {"fields": {"word": "task", "weight": 222, "table": 2, "table_id": 2}, "pk": 8, "model": "misc.search"}, {"fields": {"word": "1", "weight": 55, "table": 2, "table_id": 2}, "pk": 9, "model": "misc.search"}, {"fields": {"word": "student", "weight": 777, "table": 0, "table_id": 2}, "pk": 10, "model": "misc.search"}, {"fields": {"word": "s", "weight": 111, "table": 0, "table_id": 2}, "pk": 11, "model": "misc.search"}, {"fields": {"word": "teacher", "weight": 777, "table": 0, "table_id": 3}, "pk": 12, "model": "misc.search"}, {"fields": {"word": "t", "weight": 111, "table": 0, "table_id": 3}, "pk": 13, "model": "misc.search"}, {"fields": {"word": "public", "weight": 461, "table": 1, "table_id": 2}, "pk": 14, "model": "misc.search"}, {"fields": {"word": "course", "weight": 461, "table": 1, "table_id": 2}, "pk": 15, "model": "misc.search"}, {"fields": {"word": "private", "weight": 500, "table": 1, "table_id": 3}, "pk": 16, "model": "misc.search"}, {"fields": {"word": "course", "weight": 428, "table": 1, "table_id": 3}, "pk": 17, "model": "misc.search"}, {"fields": {"word": "my", "weight": 125, "table": 1, "table_id": 4}, "pk": 18, "model": "misc.search"}, {"fields": {"word": "public", "weight": 375, "table": 1, "table_id": 4}, "pk": 19, "model": "misc.search"}, {"fields": {"word": "course", "weight": 375, "table": 1, "table_id": 4}, "pk": 20, "model": "misc.search"}, {"fields": {"word": "my", "weight": 117, "table": 1, "table_id": 5}, "pk": 21, "model": "misc.search"}, {"fields": {"word": "private", "weight": 411, "table": 1, "table_id": 5}, "pk": 22, "model": "misc.search"}, {"fields": {"word": "course", "weight": 352, "table": 1, "table_id": 5}, "pk": 23, "model": "misc.search"}, {"fields": {"word": "programming", "weight": 611, "table": 2, "table_id": 3}, "pk": 24, "model": "misc.search"}, {"fields": {"word": "task", "weight": 222, "table": 2, "table_id": 3}, "pk": 25, "model": "misc.search"}, {"fields": {"word": "2", "weight": 55, "table": 2, "table_id": 3}, "pk": 26, "model": "misc.search"}, {"fields": {"word": "programming", "weight": 611, "table": 2, "table_id": 4}, "pk": 27, "model": "misc.search"}, {"fields": {"word": "task", "weight": 222, "table": 2, "table_id": 4}, "pk": 28, "model": "misc.search"}, {"fields": {"word": "3", "weight": 55, "table": 2, "table_id": 4}, "pk": 29, "model": "misc.search"}, {"fields": {"word": "reading", "weight": 500, "table": 2, "table_id": 5}, "pk": 30, "model": "misc.search"}, {"fields": {"word": "task", "weight": 285, "table": 2, "table_id": 5}, "pk": 31, "model": "misc.search"}, {"fields": {"word": "2", "weight": 71, "table": 2, "table_id": 5}, "pk": 32, "model": "misc.search"}, {"fields": {"word": "reading", "weight": 500, "table": 2, "table_id": 6}, "pk": 33, "model": "misc.search"}, {"fields": {"word": "task", "weight": 285, "table": 2, "table_id": 6}, "pk": 34, "model": "misc.search"}, {"fields": {"word": "3", "weight": 71, "table": 2, "table_id": 6}, "pk": 35, "model": "misc.search"}]
