[
{
    "pk": 1, 
    "model": "auth.user", 
    "fields": {
        "pwd": "pbkdf2_sha256$12000$THoEJbAF2k7R$jmd5vZp8sLLuoDv2KKLJ5eccaCA9dLxVvf1SGKAExZk=", 
        "school": "chs", 
        "email": "mattstark75@gmail.com", 
        "lname": "Stark", 
        "fname": "Matt", 
        "reset_code": null
    }
},
{
    "pk": 2, 
    "model": "auth.user", 
    "fields": {
        "pwd": "pbkdf2_sha256$12000$QsTtgBrdJ9Nm$XSLjnewCqn75BUokVgxRhW3jgrt7C3/ptTs6idhZgzE=", 
        "school": "chs", 
        "email": "student@gmail.com", 
        "lname": "S", 
        "fname": "Student", 
        "reset_code": null
    }
},
{
    "pk": 3, 
    "model": "auth.user", 
    "fields": {
        "pwd": "pbkdf2_sha256$12000$TvaOpojuOema$IpHJjTeQWvfzJCf4Lkc1QCnQpxRo2qmm5KGn0XrNU9Q=", 
        "school": "chs", 
        "email": "teacher@gmail.com", 
        "lname": "T", 
        "fname": "Teacher", 
        "reset_code": null
    }
},
{
    "pk": "b9e0a89e81263f2162281b892bb43e1d716ac643e031c106de8fcd0cbf58c9e162941fc25bb9fbac6e3e70de2462fb7e9dee", 
    "model": "auth.session", 
    "fields": {
        "expiry": "2014-06-07T06:18:13.294Z", 
        "user": 1
    }
},
{
    "pk": 1, 
    "model": "courses.course", 
    "fields": {
        "subject": 0, 
        "name": "Programming", 
        "year": 7, 
        "code": null, 
        "teacher": 1, 
        "students": [
            2
        ]
    }
},
{
    "pk": 2, 
    "model": "courses.course", 
    "fields": {
        "subject": 0, 
        "name": "public course", 
        "year": 8, 
        "code": null, 
        "teacher": 3, 
        "students": [
            2
        ]
    }
},
{
    "pk": 3, 
    "model": "courses.course", 
    "fields": {
        "subject": 0, 
        "name": "private course", 
        "year": 8, 
        "code": "5f5865fc7b72f6df", 
        "teacher": 3, 
        "students": [
            2
        ]
    }
},
{
    "pk": 4, 
    "model": "courses.course", 
    "fields": {
        "subject": 0, 
        "name": "my public course", 
        "year": 7, 
        "code": null, 
        "teacher": 1, 
        "students": []
    }
},
{
    "pk": 5, 
    "model": "courses.course", 
    "fields": {
        "subject": 0, 
        "name": "my private course", 
        "year": 7, 
        "code": "3504253c73b24909", 
        "teacher": 1, 
        "students": []
    }
},
{
    "pk": 2, 
    "model": "tasks.task", 
    "fields": {
        "desc": "This description is empty. You might want to add something to it...", 
        "name": "Programming Task 1", 
        "criteria": null, 
        "kind": "code", 
        "course": 1
    }
},
{
    "pk": 3, 
    "model": "tasks.task", 
    "fields": {
        "desc": "This description is empty. You might want to add something to it...", 
        "name": "Programming Task 2", 
        "criteria": null, 
        "kind": "code", 
        "course": 1
    }
},
{
    "pk": 4, 
    "model": "tasks.task", 
    "fields": {
        "desc": "This description is empty. You might want to add something to it...", 
        "name": "Programming Task 3", 
        "criteria": null, 
        "kind": "code", 
        "course": 1
    }
},
{
    "pk": 5, 
    "model": "tasks.task", 
    "fields": {
        "desc": "This description is empty. You might want to add something to it...", 
        "name": "Reading Task 1", 
        "criteria": null, 
        "kind": "read", 
        "course": 1
    }
},
{
    "pk": 6, 
    "model": "tasks.task", 
    "fields": {
        "desc": "This description is empty. You might want to add something to it...", 
        "name": "my public course task 1", 
        "criteria": null, 
        "kind": "read", 
        "course": 4
    }
},
{
    "pk": 2, 
    "model": "tasks.codetask", 
    "fields": {}
},
{
    "pk": 3, 
    "model": "tasks.codetask", 
    "fields": {}
},
{
    "pk": 4, 
    "model": "tasks.codetask", 
    "fields": {}
},
{
    "pk": 1, 
    "model": "misc.search", 
    "fields": {
        "table": 0, 
        "word": "matt", 
        "weight": 400, 
        "table_id": 1
    }
},
{
    "pk": 2, 
    "model": "misc.search", 
    "fields": {
        "table": 0, 
        "word": "stark", 
        "weight": 500, 
        "table_id": 1
    }
},
{
    "pk": 3, 
    "model": "misc.search", 
    "fields": {
        "table": 1, 
        "word": "programming", 
        "weight": 1000, 
        "table_id": 1
    }
},
{
    "pk": 10, 
    "model": "misc.search", 
    "fields": {
        "table": 0, 
        "word": "student", 
        "weight": 777, 
        "table_id": 2
    }
},
{
    "pk": 11, 
    "model": "misc.search", 
    "fields": {
        "table": 0, 
        "word": "s", 
        "weight": 111, 
        "table_id": 2
    }
},
{
    "pk": 12, 
    "model": "misc.search", 
    "fields": {
        "table": 0, 
        "word": "teacher", 
        "weight": 777, 
        "table_id": 3
    }
},
{
    "pk": 13, 
    "model": "misc.search", 
    "fields": {
        "table": 0, 
        "word": "t", 
        "weight": 111, 
        "table_id": 3
    }
},
{
    "pk": 14, 
    "model": "misc.search", 
    "fields": {
        "table": 1, 
        "word": "public", 
        "weight": 461, 
        "table_id": 2
    }
},
{
    "pk": 15, 
    "model": "misc.search", 
    "fields": {
        "table": 1, 
        "word": "course", 
        "weight": 461, 
        "table_id": 2
    }
},
{
    "pk": 16, 
    "model": "misc.search", 
    "fields": {
        "table": 1, 
        "word": "private", 
        "weight": 500, 
        "table_id": 3
    }
},
{
    "pk": 17, 
    "model": "misc.search", 
    "fields": {
        "table": 1, 
        "word": "course", 
        "weight": 428, 
        "table_id": 3
    }
},
{
    "pk": 18, 
    "model": "misc.search", 
    "fields": {
        "table": 1, 
        "word": "my", 
        "weight": 125, 
        "table_id": 4
    }
},
{
    "pk": 19, 
    "model": "misc.search", 
    "fields": {
        "table": 1, 
        "word": "public", 
        "weight": 375, 
        "table_id": 4
    }
},
{
    "pk": 20, 
    "model": "misc.search", 
    "fields": {
        "table": 1, 
        "word": "course", 
        "weight": 375, 
        "table_id": 4
    }
},
{
    "pk": 21, 
    "model": "misc.search", 
    "fields": {
        "table": 1, 
        "word": "my", 
        "weight": 117, 
        "table_id": 5
    }
},
{
    "pk": 22, 
    "model": "misc.search", 
    "fields": {
        "table": 1, 
        "word": "private", 
        "weight": 411, 
        "table_id": 5
    }
},
{
    "pk": 23, 
    "model": "misc.search", 
    "fields": {
        "table": 1, 
        "word": "course", 
        "weight": 352, 
        "table_id": 5
    }
},
{
    "pk": 27, 
    "model": "misc.search", 
    "fields": {
        "table": 2, 
        "word": "programming", 
        "weight": 611, 
        "table_id": 2
    }
},
{
    "pk": 28, 
    "model": "misc.search", 
    "fields": {
        "table": 2, 
        "word": "task", 
        "weight": 222, 
        "table_id": 2
    }
},
{
    "pk": 29, 
    "model": "misc.search", 
    "fields": {
        "table": 2, 
        "word": "1", 
        "weight": 55, 
        "table_id": 2
    }
},
{
    "pk": 30, 
    "model": "misc.search", 
    "fields": {
        "table": 2, 
        "word": "programming", 
        "weight": 611, 
        "table_id": 3
    }
},
{
    "pk": 31, 
    "model": "misc.search", 
    "fields": {
        "table": 2, 
        "word": "task", 
        "weight": 222, 
        "table_id": 3
    }
},
{
    "pk": 32, 
    "model": "misc.search", 
    "fields": {
        "table": 2, 
        "word": "2", 
        "weight": 55, 
        "table_id": 3
    }
},
{
    "pk": 33, 
    "model": "misc.search", 
    "fields": {
        "table": 2, 
        "word": "programming", 
        "weight": 611, 
        "table_id": 4
    }
},
{
    "pk": 34, 
    "model": "misc.search", 
    "fields": {
        "table": 2, 
        "word": "task", 
        "weight": 222, 
        "table_id": 4
    }
},
{
    "pk": 35, 
    "model": "misc.search", 
    "fields": {
        "table": 2, 
        "word": "3", 
        "weight": 55, 
        "table_id": 4
    }
},
{
    "pk": 36, 
    "model": "misc.search", 
    "fields": {
        "table": 2, 
        "word": "reading", 
        "weight": 500, 
        "table_id": 5
    }
},
{
    "pk": 37, 
    "model": "misc.search", 
    "fields": {
        "table": 2, 
        "word": "task", 
        "weight": 285, 
        "table_id": 5
    }
},
{
    "pk": 38, 
    "model": "misc.search", 
    "fields": {
        "table": 2, 
        "word": "1", 
        "weight": 71, 
        "table_id": 5
    }
},
{
    "pk": 39, 
    "model": "misc.search", 
    "fields": {
        "table": 2, 
        "word": "my", 
        "weight": 86, 
        "table_id": 6
    }
},
{
    "pk": 40, 
    "model": "misc.search", 
    "fields": {
        "table": 2, 
        "word": "public", 
        "weight": 260, 
        "table_id": 6
    }
},
{
    "pk": 41, 
    "model": "misc.search", 
    "fields": {
        "table": 2, 
        "word": "course", 
        "weight": 260, 
        "table_id": 6
    }
},
{
    "pk": 42, 
    "model": "misc.search", 
    "fields": {
        "table": 2, 
        "word": "task", 
        "weight": 173, 
        "table_id": 6
    }
},
{
    "pk": 43, 
    "model": "misc.search", 
    "fields": {
        "table": 2, 
        "word": "1", 
        "weight": 43, 
        "table_id": 6
    }
}
]
